22064,72455275,2144,40000000
35423,47095453,22209,48000000
38066,925402,100,180000
41688,29200000,1097,8500000
41814,17218080,15944,70000000
42015,29374178,4565,40000000
42222,43022524,29252,15000000
42308,27052167,3353,13000000
42336,1573712,973,125000
42478,1789892,1795,8000000
43260,118823091,1673,75000000
43370,22189039,2210,15000000
43402,3609278,2235,4500000
43415,171988,1281,600000
43453,128505958,505,18000000
43476,38542418,18132,80000000
43512,143151473,4811,60000000
43530,41543207,15571,42000000
43536,51053787,14385,17500000
43566,17010646,1195,84000000
43590,290158751,12643,18000000
43598,9203192,11328,5000000
43608,94822707,44797,80000000
43720,638476,32405,1500000
43896,16501785,3559,3500000
43952,16938179,17336,8000000
43976,88504640,19148,45000000
44000,13264986,1668,35000000
44030,15062898,6861,14000000
44050,38048637,3500,14000000
44058,8326035,1019,33000000
44178,7680,2020,2000000
44182,67823573,30383,50000000
44184,170708996,2827,58000000
44196,15523168,2507,45000000
44253,69586544,3845,27000000
44258,6448817,1993,35000000
44286,3519627,3014,20000000
44288,499263,705,30000000
44292,35707327,12840,55000000
44314,18472363,25049,50000000
44378,9000000,731,900000
44398,63224849,17423,85000000
44416,46495,14638,14000000
44474,155972,137,1500000
44486,47285499,3037,26000000
44490,13592872,10982,11000000
44510,6167817,405,47000000
44528,123307945,2818,65000000
44544,19719930,793,45000000
44600,2428241,77046,200000
44638,10696,490,6800000
44668,274385,1519,4000000
44720,668171,949,60000000
44766,43490057,4737,7500000
44814,17757087,3162,21000000
44854,100117603,4842,100000000
44914,250147615,12998,90000000
44928,237301,1118,500000
44968,2856622,254,25000
44970,27338033,20798,23000000
45008,229074524,1635,73000000
45014,150350192,1769,200000000
45030,49392095,10552,100000000
45061,197148,1176,7500000
45074,8054280,2730,20000000
45090,256386216,13076,150000000
45112,27024,73,5600000
45142,67631157,55175,100000000
45172,2000000,1462,20000000
45180,5018450,2687,8000000
45182,686383,75,6500000
45214,296623634,64040,50000000
45226,227946274,21584,150000000
45328,30013346,14028,75000000
45374,28873374,2787,10000000
45426,44983704,4045,31000000
45428,185577,2805,4000000
45454,4505922,4230,200000
45493,20218921,4204,15000000
45520,90356857,24928,58000000
45522,25244700,2270,6000000
45528,131536019,1031,103000000
45540,7764027,2061,10000000
45542,29655590,3986,65000000
45544,6420319,5705,20000000
45546,55473600,1543,50000000
45548,28831145,3757,25000000
45563,11576087,2497,30000000
45574,13622333,361,2000000
45582,36447959,6393,25000000
45606,20241395,5123,20000000
45616,7605668,42683,60000000
45655,13350177,4856,5000000
45674,41867960,3023,20000000
45681,66488090,29748,48000000
45726,14000000,3617,3500000
45768,19781879,20881,60000000
45772,2035566,931,13000000
45830,8460990,6946,70000000
45844,114053579,20007,150000000
45858,65182182,4830,24000000
45874,30523568,5697,30000000
45876,15155772,1673,18000000
45898,333130696,32438,170000000
45906,45089048,36064,25000000
45910,50461335,20466,11000000
45912,24984868,3033,15000000
45918,42019483,13904,36000000
45920,30127963,525,15000000
45930,102413606,1783,34000000
45938,25977365,15428,28000000
45940,101530738,37605,55000000
45942,34290142,4662,19800000
45954,50807639,3151,60000000
45984,55942830,5178,70000000
45986,25047631,2724,6000000
45990,47105085,30183,50000000
45994,85707116,20411,68000000
45996,12902790,3250,12000000
45998,26761283,3197,26000000
46016,2963012,14617,22000000
46026,222487711,2963,165000000
46030,2445646,12897,5000000
46036,14612840,3110,7000000
46054,54414716,30571,42000000
46055,1111,2,200000
46068,83348920,19963,132000000
46094,55682070,11946,50000000
46104,127997349,62837,50000000
46118,115603980,2938,65000000
46156,37760080,12871,70000000
46174,43894863,4879,30000000
46192,350123553,16277,58800000
46224,7097125,28129,70000000
46258,35385560,4807,4000000
46264,33631221,3784,25000000
46309,34566746,1825,80000000
46312,21569041,3745,9000000
46342,47375327,47334,176000000
46356,166147885,4585,40000000
46376,12282677,4702,14000000
46388,33071558,583,10000000
46390,12570442,4053,10000000
46408,31569268,23051,49000000
46414,17176900,17098,95000000
46422,26442251,16992,50000000
46428,129995817,22622,110000000
46434,90353764,12556,40000000
46464,5348317,18712,10000000
46470,71038190,3552,30000000
46480,37432299,3386,34000000
46544,143653,1281,4000000
46572,34507079,1679,35000000
46582,183436380,13159,29000000
46596,42478175,15327,25000000
46608,93417865,5046,190000000
46612,69688384,16452,60000000
46616,155181732,16718,110000000
46620,20991497,44037,37000000
46648,108360000,2203,30000000
46654,652177271,8458,150000000
46656,66009973,38963,14800000
46662,17474107,1342,7000000
46668,89732035,38873,155000000
46674,356454367,2944,175000000
46684,110008260,1450,35000000
46710,64149837,7009,20000000
46726,81257500,30010,68000000
46740,22757819,276,100000
46748,180191634,5730,130000000
46755,8047690,2608,19400000
46770,58879132,40312,31000000
46814,1712111,7875,8495000
46858,3590010,3013,2000000
46864,27285953,259,5000000
46872,65069140,1010,5000000
46880,16027866,1411,25000000
46920,43247140,2131,55000000
46922,10515579,20132,4000000
46926,62563543,63769,53000000
46950,13746550,15922,2000000
46960,72077000,3439,30250000
46974,513836,143,4600000
47016,5871603,6485,13000000
47024,768045,976,2000000
47026,75274748,36010,35000000
47030,186354,26176,13500000
47038,228430993,14831,108000000
47066,34964818,21393,150000000
47104,17750583,28933,30000000
47142,13650738,16926,20000000
47164,200074175,11700,245000000
47168,15464026,1189,20000000
47234,95632614,61110,79000000
47246,26284475,10691,17000000
47286,42592530,4567,15000000
47290,12188642,2230,26000000
47292,43848100,1607,15000000
47328,14888028,2178,30000000
47364,24985612,28328,100000000
47376,28772222,3962,105000000
47390,31493782,12754,32000000
47408,54116191,49912,44000000
47414,34531832,13371,35000000
47430,70235322,57308,28000000
47440,43905746,32831,49000000
47444,13571817,3104,15600000
47452,56443482,75793,60000000
47470,26583369,578,10000000
47478,90835030,5178,40000000
47486,34912982,19974,38000000
47498,35794166,4687,10000000
47514,55500000,762,36000000
47538,25077977,2486,20000000
47584,47536959,3277,10000000
47602,46813366,4882,38000000
47616,727883,17040,4500000
47620,28837115,24107,50000000
47644,76382,1546,15000
47654,62401264,20276,60000000
47664,23091,11091,15000000
47674,12626905,27214,20000000
47680,1330827,19879,7000000
47692,33349949,1111,2500000
47699,12438,835,160000
47702,64148,846,6500000
47708,61693523,7833,13000000
47714,3707794,5671,18000000
47734,330249062,24450,250000000
47748,59573085,2259,18000000
47790,42044321,12522,80000000
47814,111110575,11945,140000000
47832,106635996,1784,58000000
47902,362645141,32921,175000000
47980,14268533,10910,31500000
48012,610991,773,1000000
48014,20566327,2958,15000000
48032,41008532,10894,27000000
48038,107225164,24350,73000000
48050,76846624,80806,170000000
48054,7916887,26982,45000000
48060,56154094,21852,20000000
48063,9030581,156,12500000
48064,46978995,5505,160000000
48068,102310175,2676,40000000
48075,7825820,50831,4000000
48102,126088877,14569,50000000
48126,124051759,21175,180000000
48128,20389967,12786,50000000
48168,54257433,971,17000000
48174,28876924,1780,20000000
48188,14946229,2104,25000000
48210,130468626,1327,185000000
48216,101334374,2321,24000000
48234,323505540,4782,75000000
48256,161087183,11287,175000000
48276,55461307,18786,20000000
48308,108521835,13752,120000000
48328,52792307,1950,140000000
48504,128200012,1804,75000000
48548,136007,776,4500
48570,48169908,20143,33000000
48622,10214647,17490,11000000
48674,317011114,14959,185000000
48684,20981633,2351,30000000
48722,204565000,2466,8000000
48738,57011847,3361,40000000
48834,4091,369,34000000
48840,141600000,3468,3000000
48842,157299717,21397,75000000
48852,317125,25269,16000000
48864,59035104,1112,66000000
48868,67286731,36925,100000000
48928,1652472,102,300000
48934,25571351,49,14000000
48996,673780,5,10000
49016,134518390,5811,150000000
49040,134520804,13961,110000000
49088,67253092,20299,30000000
49166,27545445,2892,6500000
49286,59889948,7227,8000000
49300,105500000,582,4000000
49316,279167575,24938,80000000
49326,101736215,8134,11000000
49346,114324072,4730,20000000
49354,72219395,50284,17000000
49358,13998282,15044,16000000
49361,1260917,1342,27000000
49362,1050445,773,22000000
49368,148213377,12410,73000000
49380,64255243,120797,19000000
49386,13555988,2216,22000000
49405,115504,1739,14000000
49410,289994397,53413,150000000
49456,1641788,1381,8000000
49485,3830,5,1200000
49682,107503316,2530,130000000
49688,1705139,2545,4700000
49694,18990542,2763,70000000
49710,74540762,4496,55000000
49720,4157491,2894,12800000
49755,209364921,21768,145000000
49786,201573391,26029,140000000
49848,45356386,2864,75000000
49866,19151864,3301,40000000
49870,70083519,24106,180000000
49891,49121934,6554,13000000
49903,125531634,19359,110000000
49906,118153533,13232,61000000
49964,13493,2288,600000
49999,3275443,10822,700000000
50028,37486138,2052,50000000
50047,43060566,53024,60000000
50062,187165546,43286,135000000
50110,14545844,1284,6500000
50162,119654900,64259,70000000
50210,76137505,3697,55000000
50224,8427204,1523,24000000
50232,14174654,2857,25000000
50238,133375846,16948,150000000
50261,8535575,11519,30000000
50288,35596227,1454,20000000
50310,23978402,3850,11000000
50314,7948159,6563,35000000
50324,56083966,18761,65000000
50371,4720371,11116,7000000
50396,16290976,3243,24000000
50399,53574088,33548,55000000
50405,13838130,20503,40000000
50439,3478,721,1500000
50448,36985501,3917,26000000
50460,41482207,19610,50000000
50628,70001065,3174,45000000
50648,81525,303,15300000
50720,33357476,4194,35000000
50722,15797907,904,20000000
50812,1100000,1201,5000000
50916,9795017,5461,50000000
50944,10268846,1947,35000000
50946,111300,2,225000
50978,9430988,1997,17000000
50994,173585516,7860,18000000
51000,12947763,1160,5000000
51028,20733485,428,5000000
51066,54557348,5732,6500000
51094,211667,907,2147483647
51135,126597121,6576,150000000
51137,14131298,144,390000000
51150,2060953,2543,12000000
51160,71026631,20970,36000000
51226,10561238,6388,10000000
51270,18653615,22040,23000000
51272,25000000,2951,9000000
51282,6401336,19923,2500000
51394,18593156,6161,35000000
51396,28501605,2646,13000000
51410,5005,1929,3000000
51474,92362,3138,1500000
51526,45856732,16762,40000000
51546,20422207,4369,35000000
51604,5383834,318,2000000
51636,7455447,1136,7000000
51743,27445,561,9000000
51746,16988996,8189,35000000
51852,13651662,29692,25000000
51946,84049211,15229,70000000
52036,39251128,804,75000000
52178,20384136,2402,10000000
52211,39692139,41701,35000000
52245,31452765,638,24000000
52277,13337299,729,20000000
52296,18488314,2893,1200000
52392,25339117,4259,10000000
52404,33643461,20061,50000000
52444,6165429,312,6000000
52501,24185781,13811,31000000
52524,424760,368,7000
52558,14108518,1882,16000000
52632,77413017,11218,8000000
52650,298110,786,8000000
52666,31598308,41636,35000000
52688,3093491,1283,5000000
52778,40198710,3144,100000000
52822,100675,2305,3000000
52850,856942,460,200000
52866,145096820,7872,30000000
52920,38230435,3001,25000000
52964,33771174,22383,15000000
53010,57744720,31529,20000000
53016,336467,943,13000000
53052,14616,2059,12000000
53072,403706375,40484,139000000
53088,29247405,2176,25000000
53126,226792,3049,10000000
53146,15962471,7243,40000000
53152,318298180,39252,140000000
53216,88658172,37967,50000000
53257,106694016,24333,30000000
53300,1007962,117,950000
53378,13823741,6420,13500000
53386,48814909,36069,32000000
53398,26288320,11301,60000000
53432,32230907,1385,2500000
53451,32553210,794,25000000
53458,136432,2217,5000000
53468,25277561,5592,12000000
53528,50003300,29370,15000000
53532,5430822,493,7000000
53602,125320003,27468,200000000
53616,34580635,209,52000000
53676,76400000,16,2280000
53754,43119879,31224,60000000
53766,10214013,1564,35000000
53786,37036404,5404,30000000
53812,7267324,623,3500000
53894,3071947,9555,3500000
54008,31111260,1439,60000000
54024,75074950,2754,12000000
54038,10494147,3142,15000000
54076,9003011,1396,2000000
54102,399879,378,15000000
54162,34700000,35501,14000000
54190,101228120,3454,100000000
54218,177200000,14701,22000000
54256,17096053,15716,9000000
54320,24375436,33585,42000000
54360,151389,483,500000
54368,172620724,23603,85000000
54416,44606335,23950,90000000
54431,49000,2024,1500000
54458,76081498,8355,75000000
54462,50041732,3004,29000000
54472,202007640,15972,98000000
54522,2300000,995,439000
54588,4234040,64,20000000
54595,375474,20354,20000000
54633,2436,1611,2000000
54634,23078294,3590,9000000
54678,274661,313,1000000
54756,53215979,25220,84000000
54896,49874933,13573,26000000
54906,85416609,20097,30000000
54946,2185266,4266,10000000
54978,146282411,4528,115000000
55004,96471845,956,17000000
55026,12514138,3871,10000000
55044,13000000,1458,24000000
55096,46815748,12161,45000000
55108,62700000,1008,34000000
55118,181166115,2574,93000000
55120,125332007,2958,110000000
55138,168368427,2023,200000000
55142,3100650,417,14000000
55148,4170647,1616,1900000
55152,113330342,19454,110000000
55156,43800000,1105,7200000
55174,26199517,18635,50000000
55227,1697956,13809,20000000
55236,1186957,1591,25000000
55240,626809,2172,553632000
55247,7689458,11769,40000000
55248,33313582,16031,21000000
55294,82670733,14006,60000000
55306,300523113,52547,68000000
55307,65452312,19906,100000000
55312,760505847,4834,237000000
55326,5518918,3071,750000
55346,120776832,12952,75000000
55390,436471036,1148,150000000
55420,14597405,17204,6400000
55484,22406362,5780,107000000
55508,234277056,12758,132000000
55538,2775593,858,27000000
55590,17605861,1184,6000000
55612,63231524,5264,6000000
55650,22331028,1819,12000000
55656,28972187,12687,13000000
55664,82624961,9578,20000000
55702,11008432,16651,25000000
55860,59475623,13748,90000000
55872,8828771,41059,6000000
55906,178406268,11135,14000000
55912,25675765,2730,13000000
55960,17071230,23283,18000000
56062,32368960,667,25000000
56072,47952020,46719,115000000
56080,2221809,1582,5000000
56150,17718223,14180,25000000
56198,48430,1452,500000
56256,6241697,31005,13000000
56302,140015224,3382,133000000
56432,163947053,18656,40000000
56484,80034302,3958,25000000
56510,87341380,15590,27000000
56524,7496522,12534,26000000
56528,112703470,15226,85000000
56564,20915465,7723,42000000
56582,3749061,30134,20000000
56662,100448498,23018,65000000
56676,116724075,1954,41000000
56682,50693162,2630,23000000
56712,40158000,1051,7000000
56721,12784713,8094,22000000
56748,1071240,15848,8000000
56772,43853424,5024,18000000
56776,60573641,4530,60000000
56782,1550000,2930,25000000
56812,34099640,2515,5000000
56910,200807262,2036,260000000
56914,53715611,14574,63000000
56934,31054924,16710,64000000
57018,183662,890,25000000
57106,71277420,1645,45000000
57110,712294,859,1500000
57162,6109075,735,19430000
57196,162,2802,9000000
57246,9701559,35941,3500000
57267,100491683,3438,24000000
57268,19661987,17050,20000000
57290,84961,6229,31000000
57304,49413,398,35000000
57308,74098862,3924,40000000
57360,65010106,1556,30000000
57376,34151,3,450000
57404,64933670,11454,85000000
57412,10037390,53,1000000000
57413,84136909,656730,26000000
57420,98017,1498,500000
57440,56398162,2390,20000000
57450,50000000,934,9000000
57470,279282,2489,1000000
57495,652526,15638,40000000
57514,22168359,584,8000000
57530,2024854,1942,6500000
57542,3029081,993,6000000
57602,64172251,2911,30000000
57620,51697449,1465,13000000
57626,16459004,1069,15000000
57728,40846082,2872,19000000
57758,19976073,3148,20000000
57760,9929000,29475,15000000
57766,14967182,14463,40000000
57812,23360779,10838,34000000
57834,21973182,23242,23000000
57848,121463226,17584,20000000
57850,125548685,10003,52000000
57854,13630226,30541,20000000
57888,57637485,17159,105000000
57890,26236603,1582,6000000
57966,100768056,30063,45000000
58038,3293258,2238,3000000
58110,56437947,486,9800000
58248,52799004,19815,55000000
58258,14100000,2943,5000000
58273,4186931,1330,250000
58298,82301521,3558,32000000
58320,25753840,23296,19000000
58349,23222861,3742,26000000
58388,120618403,4478,90000000
58404,107458785,16751,40000000
58406,76600000,3876,10700000
58412,46611204,4294,48000000
58414,60154431,3718,47000000
58422,25625110,33758,7000000
58438,7017178,1373,17500000
58448,439162,28,1100000000
58478,113733726,53587,127000000
58492,46875468,1467,30000000
58496,25600000,12097,10000000
58528,39025000,903,11000000
58538,318759914,2333,150000000
58556,3773863,2563,1000000
58575,594904,1805,1200000
58602,7993039,18643,6900000
58660,10076136,1352,35000000
58668,6594136,943,38600000
58680,14249005,2689,15000000
58712,218051260,7123,207000000
58752,32357532,31278,30000000
58801,532988,9660,7000000
58838,102308900,2169,6000000
58844,37788228,4537,35200000
58868,13019253,1509,23000000
59013,52397389,19764,65000000
59072,6239558,1033,5000000
59124,8108247,2747,3300000
59256,174635000,822,8800000
59268,38432823,15811,30000000
59276,27141959,2936,18000000
59288,27087695,2543,17700000
59294,26838389,12700,57000000
59380,137748063,2945,127500000
59384,32519322,1075,35000000
59418,14873,2888,3800000
59423,1029017,21107,6500000
59484,73648142,3697,60000000
59512,56505065,4453,25000000
59517,31179516,5006,12000000
59620,113502246,3696,38000000
59632,50026353,13607,110000000
59686,3958500,390,8200000
59711,100614858,11458,68000000
59766,110476776,45696,52000000
59774,101217900,1195,70000000
59780,136448821,3667,80000000
59792,4717455,1171,12000000
59934,1134049,408,2000000
60010,22294341,4629,21500000
60062,20167424,1044,2000000
60063,6531491,34446,2000000
60139,12189514,842,23000000
60144,100018837,13446,90000000
60154,5009677,19404,5000000
60192,36500000,17568,8000000
60198,10137232,5702,50000000
60218,12985267,6752,2300000
60270,45860039,14146,56000000
60292,26781723,1655,2500000
60308,103001286,1212,15000000
60323,53481,2512,8000000
60374,18535191,2640,14000000
60388,3798532,3668,4500000
60412,78745923,13905,55000000
60418,17791031,11994,25000000
60428,17655201,3317,10000000
60444,6471394,11972,50000000
60451,28644770,3479,30000000
60504,58571513,15914,19000000
60506,3330,214,2100000
60520,110536,284,40000
60540,22526144,2737,30000000
60542,11030963,48482,28000000
60612,244052771,4905,120000000
60732,136801374,17716,60000000
60780,4535117,26564,60000000
60837,6670712,3825,6000000
60916,3713002,972,8000000
60957,425899,168,400000
61023,1281176,1986,312000
61028,22843047,2397,55000000
61044,53955614,8610,40000000
61114,30500882,67,500000
61132,296665,5185,5000000
61226,28064226,561,35000000
61236,20113965,1702,40000000
61256,14942422,14008,40000000
61289,16930185,4169,29000000
61302,130174897,309,99000000
61304,871577,2614,4500000
61322,1064277,1978,20000000
61326,1056102,1315,5000000
61352,11144518,1139,15000000
61354,27281507,534,12000000
61386,119219978,20233,100000000
61416,76418654,12731,117000000
61424,66636385,60646,75000000
61430,31691811,140268,12000000
61467,29302097,2167,15000000
61472,190871240,2690,125000000
61476,2104000,1679,13000000
61482,1292119,16768,5500000
61500,511920,2449,40000000
61538,104632573,5975,32000000
61596,119078393,1448,6000000
61634,9402410,3715,14000000
61638,33583175,5628,10000000
61652,15608545,2377,15000000
61654,30059386,11632,22000000
61700,287761,86,1000000
61702,14938570,14025,15000000
61726,162804648,40978,100000000
61739,8060,666,4000000
61748,38400000,3582,6500000
61762,19692608,2073,35000000
61774,45500797,519,40000000
61800,36049108,3661,9000000
61824,4463292,2452,30000000
61838,13801755,15183,20000000
61858,40990055,1958,1800000
61860,6173485,105,7000000
61862,1082044,24994,5000000
61936,25584685,3327,20000000
61976,21784432,74181,35000000
61988,2833383,2459,427000
62054,19179969,35345,17500000
62079,4007792,2714,750000
62086,170684505,813,45000000
62092,77324422,33865,26000000
62120,90703745,5855,45000000
62200,9396487,5012,15000000
62229,8104069,2700,20000000
62232,42335698,21668,18000000
62254,73701902,6729,60000000
62262,1227508,5,23000
62306,40218903,533,25000000
62348,277233,20814,40000
62395,15655665,2135,4000000
62396,5932060,14625,35000000
62421,2975649,1518,30000000
62434,8000000,1934,20000000
62464,91121452,20295,14000000
62467,55184721,6510,15000000
62490,18843314,1045,20000000
62519,17803796,4374,20000000
62624,16684352,1205,17000000
62644,14567883,2542,75000000
62663,3193102,1335,9000000
62677,19283782,5386,22000000
62726,90556401,3507,11000000
62743,26906039,2653,18000000
62770,124107476,1418,48000000
62776,10991381,5890,35000000
62830,985341,3166,500000
62846,12055108,2528,8000000
62848,34703228,3797,30000000
62870,51483949,1777,22000000
62930,16247775,4789,25000000
62938,47379090,2529,70000000
63025,5484375,24270,10000000
63082,18378,1558,900000
63106,95016,362,2700000
63112,49474048,53370,35000000
63146,58867694,25590,100000000
63184,180011740,2776,100000000
63194,140244,4168,8500000
63218,21564616,8097,8500000
63260,2832826,3072,11000000
63286,15131330,683,86000000
63298,32616869,14780,72000000
63304,7382993,2185,20000000
63386,164435221,48153,52000000
63516,67523385,1050,35000000
63583,18272447,2149,10000000
63588,20339754,2737,10000000
63596,67962333,2689,35000000
63670,39462438,13172,7000000
63684,91038276,1307,13000000
63738,13401683,578,35000000
63849,72266306,6775,40000000
64181,21133087,1254,12000000
64233,241437427,1495,5000000
64286,100446895,2762,109000000
64303,153288182,6355,84000000
64340,30012990,1006,25000000
64390,399611,2370,6000000
64406,10149779,1405,6500000
64438,9449219,995,3500000
64446,59696176,775,22000000
64495,10965209,1297,30000000
64536,37101011,1070,40000000
64580,18469,1038,650000
64690,33386128,3226,15000000
64706,66600000,1185,30000000
64758,35617599,2965,45000000
64761,7022940,1173,1000000
64776,2849142,1889,16000000
64796,15561627,21622,18000000
64810,209019489,23996,90000000
64828,4006906,4990,15000000
64884,40137776,8362,38000000
64910,64736114,2682,120000000
64970,22531698,15990,70000000
64984,26814957,77823,35000000
64990,26893,1694,1600000
65054,1939441,23187,10000000
65076,66002193,12452,110000000
65106,25000000,527,2883848
65120,6105175,12239,44000000
65142,32101000,1109,10000000
65343,13876974,809,7000000
65346,1332,2251,500000
65349,35228696,1651,32000000
65355,37752931,26938,40000000
65398,38201895,6223,10500000
65407,71904,1491,2500000
65416,90341670,14611,60000000
65432,476270,1601,20000000
65448,91547205,5165,12000000
65504,52752475,2583,50000000
65551,17508670,646,15000000
65552,43984230,2451,23000000
65556,25040293,7247,55000000
65559,8662318,2016,17000000
65594,36037909,1238,60000000
65611,5000000,788,25000000
65632,71069884,32871,68000000
65652,2283276,56,1500000
65718,89021735,22004,120000000
65791,41252428,13716,42000000
65882,92930005,35867,78000000
65900,15100000,3444,15000000
65929,55973336,9082,25000000
66030,6857096,343,6800000
66048,2119994,2,19000000
66078,35231365,6299,60000000
66170,7262288,13917,40000000
66174,31526393,2730,25000000
66195,6026908,2196,2000000
66196,13214030,500,20000000
66204,37879996,5390,48000000
66206,12693621,4060,17000000
66214,11204499,13528,14000000
66252,69800000,15361,8000000
66301,22954968,12749,11500000
66320,74608545,10325,24000000
66365,196573705,1258,90000000
66366,177243721,54039,150000000
66388,65804,27575,12000000
66394,121697350,4263,20000000
66396,24788807,1965,3000000
66412,14337579,4696,27000000
66414,134218018,12940,55000000
66465,26183197,16611,36000000
66501,5669081,1807,10818775
66615,4476235,4186,27000000
66656,2899970,16878,32000000
66684,39511038,26402,16000000
66697,70098138,3983,30000000
66736,67266300,3400,28000000
66747,1646664,2467,20000000
66774,3275585,13160,11500000
66801,34017854,36892,8500000
66812,74888996,16230,30000000
66813,73215310,14261,80000000
66896,6197866,1351,10000000
66940,20047715,616,25530000
66949,8355815,52885,55000000
66953,13973532,3065,25000000
66971,13134,35294,500000
67085,13922211,3935,16000000
67089,7362100,479,1500000
67090,42438300,24183,52000000
67106,147637474,1474,50000000
67128,176387405,5437,59000000
67172,1689999,771,400000
67192,3629758,745,5500000
67203,6543194,1778,34000000
67264,5217498,2312,15000000
67274,25472967,1467,30000000
67278,83892374,4230,66000000
67294,3105269,1335,3000000
67318,128978,6267,40000000
67332,70492685,5306,17000000
67344,63910583,35694,28000000
67414,100659,3833,900000
67462,703002,1249,3000000
67479,28328132,9814,58000000
67496,46700000,16805,21000000
67498,5132655,838,20000000
67530,148775460,46204,61000000
67572,41102171,13396,40000000
67616,3041803,2735,10000000
67626,35168677,15149,100000000
67631,96793,6380,3500000
67652,22264487,1729,22000000
67698,108012170,2558,63000000
67748,4231500,822,1000000
67768,90135191,1942,25000000
67790,30669413,4722,35000000
67810,15180000,1631,500000
67826,7830611,15,700000
67932,108706165,31349,40000000
67934,6200756,34106,7000000
67952,3254172,36337,28000000
67972,200069408,29991,209000000
67976,18653746,42344,38000000
68078,5228617,1431,100000
68126,22245861,25489,19000000
68184,78030,3021,200000
68200,32122249,22889,60000000
68204,19351569,664,22000000
68268,1346503,2430,6000000
68290,60328558,18734,32000000
68310,1089365,71973,25000000
68334,2148212,1906,7000000
68336,1316074,1303,100000
68362,23089926,20391,15000000
68392,8026971,3352,13000000
68496,63260,1185,14000000
68508,12843,1233,6000000
68526,255352,132,300000
68546,14479776,12418,10000000
68589,76501438,4527,30000000
68602,32940507,16536,60000000
68617,75727,862,2500000
68648,336456,41645,8000000
68686,34746109,3023,8000000
68690,3287435,12250,4500000
68746,25857987,10185,62000000
68794,4001121,36398,20000000
68810,5308707,5245,5000000
68838,58156435,1266,19000000
68864,148734225,12874,30000000
68924,47852604,1825,20000000
68926,82389560,3627,17000000
68974,80920948,2251,30000000
68992,89253340,16967,48000000
69148,176483808,4664,23000000
69166,32800000,3016,40000000
69228,1768416,684,7000000
69263,10996440,27806,13000000
69300,2207975,8297,6000000
69304,35887263,14100,15000000
69306,2428883,2896,16000000
69329,206400,262,50000000
69330,255108370,9152,250000000
69344,592014,78,218
69364,109713132,15449,25000000
69388,350034110,79150,190000000
69394,2025238,489,6000000
69436,120136047,9913,80000000
69441,110332737,1997,100000000
69484,204843350,2829,102000000
69546,19067631,1981,2000000
69574,63408614,14432,55000000
69586,17016190,2567,12000000
69644,24430272,132,43000000
69702,2086345,529,10000000
69752,17843379,1760,8000000
69794,317557891,13191,125000000
69808,64604977,19129,35000000
69854,42610000,1093,55000000
69863,39737645,4293,20000000
69872,190418803,14823,140000000
69874,5409517,5580,75000000
69880,20819129,2954,26000000
69972,115731542,17768,65000000
69976,73661010,17299,75000000
70006,32600000,467,1800000
70021,54215416,936,6500000
70023,8460995,2618,10000000
70078,41797066,4324,40000000
70142,50300000,2943,30000000
70156,6592103,1005,35000000
70168,21199,0,500000
70212,24407944,7048,43000000
70262,1357042,35561,15000000
70263,80281096,3222,60000000
70284,56715371,727,12000000
70366,81350242,40585,28000000
70418,19819494,13628,70000000
70434,2835886,456,9200000
70488,3130592,1269,2600000
70514,100503,3124,8000000
70532,8378141,16502,15000000
70554,62480,928,1000000
70869,100358,602,1500000
70889,11802056,1865,60000000
70896,20246959,3299,14000000
70902,1181197,4329,15500000
70930,50016394,2407,70000000
70963,8119205,5535,28000000
70980,15549702,3007,14000000
71020,703,920,1500000
71104,60008303,2241,13000000
71110,613556,1172,15000000
71121,91400000,30132,53000000
71155,1094798,7692,7200000
71222,33328051,1531,65000000
71259,333976,1373,12000000
71284,4040588,25676,5000000
71306,59365105,28886,45000000
71334,5002310,18864,13000000
71428,15294553,1595,12000000
71464,195888,11,2147483647
71500,46377022,1898,10000000
71510,13269963,11400,5000000
71512,16929123,6214,14000000
71538,19348,16118,10000000
71580,25167270,12254,24000000
71590,81150692,2916,35000000
71660,43650000,1802,6000000
71706,19673424,619,80000000
71712,4599680,2186,1500000
71714,33508922,23920,40000000
71754,71346930,1554,28000000
71780,617840,1829,70000000
71900,63826569,23504,35000000
71902,95328937,4555,100000000
71990,14673301,1062,2000000
72020,18208078,3012,60000000
72136,18636537,29743,32000000
72152,50173190,33615,48000000
72186,27758465,1292,19000000
72211,18595716,3963,12000000
72259,10018,509,1000000
72271,30859000,1094,83532
72306,155370362,12890,100000000
72308,36000000,825,4000000
72328,165500000,38518,48000000
72334,371081,51441,6000000
72412,2326407,7166,12000000
72450,354704,11083,1300000
72532,31585300,2666,15000000
72571,17237244,22574,15000000
72616,1506998,141,12000000
72702,32003620,1102,25000000
72771,110029,225,6500000
72840,72413,58,65000000
72873,10956379,3274,35000000
72906,44867349,14483,37000000
72940,22518325,22833,50000000
73012,93452056,14868,45000000
73020,38345403,16034,70000000
73024,228524,768,4000000
73074,17104669,537,20000000
73176,65012000,1439,70000000
73221,243768,72,30000
73252,4919896,1775,13000000
73272,800000,1700,4000000
73283,1310270,587,780000
73288,17951431,4239,30000000
73310,17278980,2400,8000000
73326,103028109,16325,80000000
73329,4306697,2820,5000000
73330,55092830,15608,60000000
73332,123207194,43291,135000000
73344,27854896,17396,17000000
73364,62453315,14607,50200000
73376,35918429,3970,1700000
73380,37300107,5349,16000000
73400,37652565,15369,42000000
73408,21379315,2652,150000000
73416,57981889,13943,40000000
73423,40064955,12170,15000000
73434,37371385,390,40000000
73444,6565495,949,45000000
73445,127144,9608,8000000
73450,50800000,669,26000000
73588,418268,8353,3000000
73610,56127162,2020,18000000
73666,10014234,3580,65000000
73682,24276500,1394,35000000
73696,6013,1311,695393
73700,1066555,1526,11000000
73716,1276984,3059,10000000
73732,363024263,18239,58000000
73799,17292381,4551,12000000
73870,43097652,3497,28000000
73915,61644321,2523,88000000
73952,233630478,15838,90000000
73982,562059,3130,4000000
73988,101087161,15362,75000000
74010,9694105,5568,22000000
74020,134455175,5826,35000000
74040,106807667,1574,45000000
74089,77231,2115,25000000
74102,163192114,18003,125000000
74122,85200000,4228,18500000
74166,27972410,1461,35000000
74202,180965237,12760,80000000
74244,25407250,15935,50000000
74334,28965197,18216,68000000
74388,19281235,2523,5000000
74390,58918501,33233,46000000
74398,53884821,799,5000000
74438,11642254,1308,3000000
74452,66365290,22458,55000000
74504,59068786,2544,40000000
74592,63143812,13388,150000000
74634,38590500,1860,50000000
74639,36830,256,1400000
74666,9094451,1990,7000000
74726,24044532,1440,38000000
74732,11835,81,10000000
74737,38108,239,2600000
74766,4693919,4484,6500000
74790,69102910,12186,80000000
74792,44700000,16464,25000000
74800,28435406,4441,12000000
74806,43337279,12258,60000000
74820,68750000,2916,55000000
74858,27053815,2888,40000000
74865,15156200,571,30000000
74872,176781728,13069,15000000
74931,23616,85,600000
74956,150167630,26683,175000000
74966,49494,2862,250000
74993,30324946,9271,17000000
74994,53868030,10557,17000000
74995,205399422,47203,33000000
75004,161487252,13823,20000000
75094,219613391,5227,75000000
75106,21378000,4877,1000000
75134,31743332,1594,30000000
75208,127968405,29585,80000000
75234,127437,1887,18000000
75246,54200000,2566,27000000
75269,22359293,2056,29000000
75282,115646235,2639,30000000
75286,75600000,1976,72000000
75288,20999103,24770,40000000
75292,5899797,18855,29000000
75308,1523883,15,1750211
75314,126805112,12344,46000000
75316,36064910,28643,45000000
75376,35990505,16400,20000000
75394,35635046,19410,17000000
75414,1647780,821,1300000
75416,153620822,12182,50000000
75432,3904982,22516,30000000
75539,61356221,3544,14000000
75590,120523073,36741,75000000
75666,39235088,16196,23000000
75686,137963328,42028,6000000
75690,141319195,820,15000000
75724,64238770,18795,42000000
75738,116643346,14486,80000000
75754,13362308,39307,18000000
75766,1075288,2228,22000000
75804,44737059,24024,50000000
75912,2338695,29277,4000000
75996,886410,222,3500000
75998,12701880,568,15000000
76013,3047539,13762,7217600
76046,85300000,27378,10000000
76062,14792779,1653,16000000
76105,100669,36885,3800000
76140,25335935,2853,40000000
76175,1000000,2209,9000000
76202,22858926,1171,13000000
76206,56362352,42330,20000000
76210,293501675,17540,40000000
76212,93307796,2636,60000000
76213,4756,2450,25000000
76222,5205343,1573,20000000
76228,9910,774,25000000
76242,35183792,3044,38000000
76322,16311763,2365,17000000
76371,71975611,214,25000000
76374,47456450,5187,70000000
76494,36381716,7067,82000000
76504,53991137,3030,1500000
76514,21557240,45202,49900000
76516,234760500,3464,14000000
76520,143618384,12071,90000000
76522,38176892,4486,40000000
76524,623374,2120,38000000
76528,58700247,36062,38000000
76556,209805005,55345,125000000
76566,181015141,60059,150000000
76584,39026186,2371,35000000
76600,47811275,3707,15000000
76608,906666,660,500000
76614,169076745,3229,32500000
76618,2711210,10517,5000000
76624,165230261,21015,150000000
76626,958319,34705,21000000
76630,16123851,1618,23000000
76642,146405371,50983,160000000
76666,30993544,621,40000000
76896,27663982,10469,40000000
77032,444044,4249,1900000
77076,45670855,1978,20000000
77091,603943,2655,500000
77108,18947630,55,59660000
77139,104077,4720,1000000
77178,111936400,2151,15000000
77298,19548064,23365,65000000
77300,61094903,17152,30000000
77308,121945720,2551,25000000
77371,37882551,15369,16000000
77374,183125,14978,35000000
77414,1027119,964,225000
77422,57651794,13125,33000000
77500,13395939,3639,60000000
77514,38747385,15308,25000000
77600,22202612,2509,2800000
77606,158348400,14244,42000000
77626,122012710,14178,62000000
77634,70001698,12098,14000000
77640,658672302,45223,200000000
77646,30920167,3389,25000000
77676,173783,1252,2500000
77688,29781453,4796,48000000
77789,71423726,26998,45000000
77814,6982680,3848,10000000
77904,5755286,26334,55000000
77910,70100000,3841,40000000
77914,58422650,25599,55000000
77968,5480996,39507,8700000
77992,4068087,1281,17000000
78170,20101861,2348,45000000
78188,25117498,960,40000000
78194,66207920,1959,30000000
78266,160201106,2538,142000000
78294,16991902,1265,57000000
78407,85222,163,1100
78434,6157157,3942,5000000
78461,9821335,3354,6000000
78488,31155435,6105,12000000
78490,56692,23566,25000000
78508,876671,504,25000000
78518,19170001,1855,2800000
78614,111544445,11951,90000000
78640,75668868,6427,35000000
78708,115648585,54877,30000000
78774,143704210,26002,52000000
78806,26876529,1834,27000000
78906,505295,0,1800000
78974,7186670,2082,6000000
78988,21088568,3931,13000000
79038,91030827,9988,50000000
79060,23000,1411,500000
79098,6830957,16692,21000000
79116,2199853,4289,1200000
79182,16699684,25792,8000000
79212,110175871,7461,10000000
79232,84303558,6081,85000000
79348,53302314,3345,23000000
79394,31968347,14823,3600000
79438,30857814,20060,16000000
79450,21426805,843,30000000
79452,23650000,1941,2100000
79493,56044241,6742,37000000
79494,76806312,2978,30000000
79509,117559438,1790,30000000
79510,70163652,19334,40000000
79512,49797148,3435,11000000
79514,23020488,2422,52000000
79519,104148781,4050,60000000
79526,117541000,16595,70000000
79531,112950721,3287,72000000
79534,25440971,430,15000000
79537,48114556,4604,26000000
79540,62877175,16758,30000000
79546,19076815,15916,60000000
79554,22770864,2765,38000000
79560,36833473,7945,25000000
79563,14448589,12566,40000000
79579,70269171,15111,24000000
79583,47781388,41293,40000000
79591,100468793,11264,65000000
79596,43426961,16580,70000000
79604,102176165,9131,145000000
79608,52353636,14609,21000000
79616,22751979,15857,75000000
79617,43095600,29050,32000000
79621,69148997,6313,37000000
79754,14564027,673,1000000
79768,82522790,42220,40000000
79781,10198766,2393,12000000
79784,51100000,1198,3000000
79788,6144806,23689,23000000
79852,46455802,3172,26000000
79854,14343976,1327,5000000
79870,68525609,3889,15600000
79976,434417,15093,4600000
80025,327919,3282,1500000
80030,48423368,3402,20000000
80036,43982842,2370,65000000
80073,7060876,14726,13500000
80078,15417771,3416,12600000
80104,28133159,33822,50000000
80148,54098051,2420,25000000
80182,41777564,4500,15000000
80186,14983572,2498,25000000
80224,10049886,44,19000000
80226,105444419,3143,26000000
80251,220234,3574,3500000
80262,43929341,902,120000000
80270,121248145,20966,25000000
80273,23031390,2868,4500000
80389,4280577,2859,10000000
80426,132541238,2505,33000000
80460,292000866,33433,150000000
80477,3799339,139,250000
80482,12801190,2764,15000000
80488,4814244,2415,11000000
80496,197171806,12884,48000000
80516,88761720,14024,95000000
80524,90755643,16149,200000000
80536,7757130,173,15000000
80542,141614023,22697,225000000
80546,104383624,764,155000000
80554,337103873,81385,125000000
80578,28687835,3612,35000000
80582,531009,22319,10000000
80648,54235441,1484,22000000
80653,274299,1429,103000000
80658,1521,843,1500000
80690,63034755,23562,29000000
80714,4914,0,150000
80752,11434867,51355,6000000
80760,4681503,2478,9000000
80775,49851591,2179,40000000
80780,4859475,7103,6000000
80788,42672630,3423,17000000
80817,101228,20009,3500000
80946,28927720,18688,33000000
80984,26494611,5709,35000000
81006,28341469,13495,25000000
81107,99462,1843,33000000
81151,6291602,3954,50000000
81180,8080116,10732,15000000
81192,16235293,1611,9000000
81232,102515793,20388,90000000
81248,62647540,15850,70000000
81266,24103594,4840,6500000
81292,75030163,4487,100000000
81304,334185206,79957,200000000
81330,515005,2538,560000
81354,74484168,2740,45000000
81369,35063732,10938,32000000
81398,15935068,2899,2500000
81400,7000000,1883,36000000
81526,406035,33441,1500000
81536,38087366,4065,12000000
81614,7009668,2000,5600000
81642,13235267,1752,6000000
81660,176740650,13118,93000000
81678,216119491,44998,70000000
81686,167735396,4348,61000000
81692,169705587,23227,25000000
81693,638951,83,1592000
81703,2245,0,560000
81710,34963967,39807,8000000
81712,24042490,3744,25000000
81714,18298649,1393,30000000
81734,37567440,2024,20000000
81736,4356743,2446,16000000
81744,163214286,1495,8200000
81748,458991599,92000,250000000
81754,36665854,3432,40000000
81776,407197282,64798,250000000
81778,17683670,1520,5000000
81784,118099659,2097,144000000
81786,102315545,3233,165000000
81792,43290977,7053,80000000
81798,3074838,14372,11000000
81802,75638743,13634,60000000
81838,75605492,53094,50000000
81842,10324441,11431,25000000
81848,30691439,3185,35000000
81860,9639242,5470,24000000
81868,25093607,49608,35000000
81878,3029870,15835,7400000
81888,21283440,8018,55000000
81892,13987482,15713,20000000
81894,29113588,27834,40000000
81896,40962534,57077,12500000
81900,7204138,2085,41000000
81908,13782838,1757,15000000
81916,80000000,1962,8200000
81920,8129455,661,45000000
81926,20315324,27694,75000000
81934,78009155,3768,75000000
81937,50382128,2723,5500000
81940,149234747,5046,130000000
81942,37553932,34011,40000000
81948,1729969,1520,5000000
81952,74158157,27405,79000000
81954,79883359,46726,66000000
81964,37304950,36258,35000000
81978,7774730,1120,15500000
81986,12712093,27829,30000000
82018,27277055,3141,20000000
82024,148085755,17347,33000000
82052,676698,4094,18000000
82060,124590960,22679,80000000
82116,4398392,2590,21000000
82143,104054514,16828,80000000
82156,14891000,2240,7000000
82214,198332128,2579,175000000
82216,66466372,303717,40000000
82266,12610731,3050,11000000
82301,5306447,2717,15000000
82306,33987757,28027,27000000
82316,717753,33747,25000000
82318,102922376,1520,20000000
82330,352358779,2593,195000000
82421,819939,26017,850000
82446,2955039,2007,9000000
82498,39177215,3770,38000000
82520,40905277,19739,50000000
82540,60000000,2329,39000000
82571,53082743,63986,40000000
82586,42575718,3074,40000000
82628,30306281,1917,10000000
82653,46012734,4298,40000000
82696,2426851,776,4000000
82732,17174870,1201,18000000
82740,20966644,1665,3000000
82752,177343675,17883,135000000
82789,58220776,55254,100000000
82822,116735231,2129,70000000
82886,2077046,2748,6000000
82904,64371181,1845,28000000
82972,20200,12772,6000000
83026,28563926,3819,8500000
83040,37672350,1660,20000000
83084,19158074,2661,15000000
83094,56536016,3344,4900000
83139,16346122,2572,16000000
83152,64459316,35161,149000000
83160,4835968,4123,40000000
83162,665426,16264,165000000
83183,1891821,1890,52000000
83306,36874745,389,20000000
83323,58936,318,1200000
83370,31252964,13707,4000000
83430,23324666,488,52000000
83465,333658,1967,34000
83494,16779636,1805,28000000
83503,398420,1234,8000000
83524,33422556,33903,20000000
83526,18996755,7099,45000000
83530,14060950,14347,12500000
83532,4958,86,2000000
83564,100125340,22678,33000000
83574,66790248,758,45000000
83584,4692814,3291,8000000
83628,261970615,35672,100000000
83672,249358727,33284,130000000
83694,3753806,3133,11000000
83770,141853,3099,12000000
83832,3076425,3543,8000000
83838,3034181,1559,11000000
83866,434949459,2811,10500000
83900,3895664,1858,5300000
83944,18621249,4611,6000000
83972,36200000,174,4000000
84084,74273505,4738,25000000
84111,20380,1245,15000000
84172,36976367,1044,75000000
84254,29753944,14275,20000000
84286,10042266,3155,1000000
84328,10544143,4843,20000000
84363,617228,92,84450000
84488,795126,955,6000000
84498,13303319,13021,32000000
84500,56816662,1289,17000000
84504,68218041,2820,55000000
84506,191450875,4482,200000000
84522,99851,210,2500000
84530,100292856,5547,20000000
84532,35565975,16827,30000000
84534,23179303,4257,20000000
84538,117528646,18669,35000000
84540,80360866,5392,80000000
84546,26687172,1002,30000000
84552,176636816,19761,140000000
84554,55802754,20956,35000000
84556,33687630,20109,20000000
84564,142614158,692,110000000
84638,66257002,16138,70000000
84686,1666262,2096,16000000
84704,7458269,3611,35000000
84726,78900000,16539,11000000
84740,4584886,538,45000000
84804,11631245,5022,35000000
84811,320706665,4705,160000000
84814,227137090,17369,110000000
84852,37877959,4896,15000000
84894,56932305,939,55000000
84962,11956207,3142,16000000
84972,900926,3307,10000000
84988,10814185,41867,8000000
85004,11041228,1244,100000000
85006,73023275,5174,35000000
85014,19389454,22974,55000000
85017,3333823,5262,10000000
85025,252726,2715,3000000
85094,44834712,26907,44000000
85118,6482195,74,37000000
85169,10305534,987,3500000
85186,109176215,8172,60000000
85237,250863268,55486,110000000
85270,109993847,12831,80000000
85307,48472213,4305,45000000
85316,2956000,282,3700000
85344,883887,1426,9000000
85378,15483540,41359,14000000
85404,49968653,37,28000000
85414,255950375,3389,29000000
85420,4235837,23932,15000000
85456,1190018,25088,20000000
85500,3388210,34983,250000
85516,46440491,2707,100000000
85518,88625922,1336,45000000
85522,73820094,36017,170000000
85528,5702083,23755,15000000
85532,54540525,23456,56000000
85534,83813460,35209,25000000
85544,77564037,4631,135000000
85546,186830669,22403,125000000
85572,1738692,3547,7000000
85578,44667095,4606,15000000
85584,66489425,26625,25000000
85614,18934858,31187,23000000
85632,62321039,5861,70000000
85640,38966057,1409,65000000
85642,51533608,16606,25000000
85646,191796233,19046,30000000
85658,18600911,362,42000000
85670,9353573,1100,45000000
85678,54322273,11946,17000000
85682,64572496,2054,12000000
85694,80021740,5497,58000000
85696,21994911,1122,5000000
85708,77501,1252,750000
85726,125014030,18322,30000000
85734,126149655,36237,85000000
85738,54758461,29808,65000000
85752,70011073,146,12000000
85800,9180275,4288,1200000
85848,2122561,3254,6000000
85861,1011054,23513,10000000
85862,12200000,2383,5000000
85870,12555230,218,2000000
85876,54724272,2043,12000000
85890,73058679,1873,263700000
85948,13753931,751,19000000
85952,138447667,19968,42000000
85972,130727000,13184,19000000
85986,48092846,1833,12500000
85995,61400000,3617,15000000
86026,47277326,2990,4800000
86028,978908,2306,2400000
86036,47474112,5062,90000000
86045,15427192,11078,16000000
86064,1110186,1730,12800000
86162,48068396,2027,160000000
86193,17149,708,20000000
86244,7002255,29,9500000
86253,1282084,2125,2500000
86282,4839383,12766,16000000
86300,60128566,16098,60000000
86312,66941559,4182,85000000
86324,84300000,1178,2600000
86332,2938208,173,225000
86338,5887457,56585,18000000
86384,108244774,13645,37000000
86388,17848322,961,28000000
86422,303001229,9152,180000000
86454,44793200,1584,4500000
86456,134821952,28122,6000000
86470,82234139,28071,17000000
86606,43100000,2127,9500000
86608,22800000,1769,7000000
86622,46800000,1326,14000000
86646,213079163,2725,63000000
86650,155019340,22813,80000000
86652,126930660,2037,135000000
86656,86049418,5032,17000000
86658,18225165,3114,9000000
86660,167007184,9125,150000000
86706,15171475,2777,8500000
86718,80033643,16385,60000000
86728,3205244,2265,10000000
86752,537580,19620,30000000
86782,121972,15612,22000000
86788,20950820,5593,80000000
86816,9528092,10191,22000000
86820,267652016,275,60000000
86852,10556196,2606,50000000
86858,166225040,24286,55000000
86862,9123834,3322,15000000
86964,134006721,15999,75000000
86975,20035310,4409,9000000
86996,2246000,3384,20000000
87078,26400000,2481,18000000
87104,24048000,20772,30000000
87131,33565375,1565,15000000
87156,721,1284,1000000
87159,24006726,15757,50000000
87166,45645204,1748,30000000
87230,32774834,2609,30000000
87242,1754319,2214,10000000
87314,26616590,2525,60000000
87360,377019252,6434,94000000
87428,5100000,2024,7500000
87430,269061,338,2000000
87438,88246220,1004,175000000
87506,21176322,5039,40000000
87624,38317535,995,11000000
87632,145000989,16461,25000000
87634,215397307,11930,125000000
87650,181360000,5127,6000000
87811,373967,469,1500000
87834,9975684,1805,13000000
87843,5300000,24719,30000000
87870,227965690,1675,72000000
87906,198655278,1862,3977000
87920,41227069,2436,11000000
87930,763044,3286,23000000
88046,2126511,615,36000000
88050,14677654,2499,13000000
88057,60984028,45271,57000000
88060,210609762,3230,19000000
88080,52929168,3280,11000000
88106,145771527,3112,80000000
88180,100241322,1690,25000000
88280,52293982,11895,13800000
88332,2601847,48,4000000
88337,53133888,1440,31000000
88391,26297,1269,500000
88400,5844929,2510,3000000
88508,101157447,28544,14400000
88571,14114488,3827,10500000
88602,2000000,1262,17000000
88604,3607,940,10000000
88658,16647384,4431,26000000
88724,16284360,6212,21000000
88760,4584,690,9000
88792,2800000,2662,4000000
88813,38168022,1964,3000000
88856,62300000,2118,28000000
88874,23393765,18760,20000000
88878,31704416,2705,135000000
88918,4193025,2518,15000000
88988,8735529,13524,15000000
89037,1677838,1447,1000000
89043,45063889,241,8000000
89104,5725,163,8400000
89173,21300000,170,2200000
89212,12055,1047,500000
89216,22466994,33565,25000000
89247,144431,118,1000000
89334,41895491,12947,24000000
89402,1487477,206,4200000
89406,1818681,2486,7300000
89520,982214,295,1000000
89524,6044618,26961,10000000
89530,36200000,1529,12305523
89583,59992760,2134,42000000
89588,1027749,1003,40000000
89616,78656813,2501,25000000
89620,68353550,5270,10000000
89634,261437578,1901,92000000
89744,39440655,4315,55000000
89767,41400000,17209,6900000
89814,102300000,2045,6000000
89912,4710455,24263,24000000
89918,312057433,48638,200000000
89938,41597830,12624,25000000
89944,460935665,13485,11000000
89948,309125409,13649,32500000
89950,474544677,37723,115000000
89952,310675583,42990,115000000
89956,49369900,450,7000000
89960,380262555,44042,113000000
89992,19593740,32637,50000000
89998,8279017,1761,8000000
90022,33200000,1154,26000000
90027,2506446,11327,2000000
90062,180483,760,10000
90095,50189179,2018,60000000
90196,7059537,2321,3000000
90202,10400000,15820,50000000
90221,6517198,308,3000000
90240,10097096,955,4000000
90242,10460089,1442,7500000
90255,609042,3475,1300000
90334,214948780,20952,110000000
90340,54606,2440,6000000
90378,2882062,1144,150000
90506,172071312,17171,62000000
90564,16115878,13433,8000000
90586,16800000,1593,10000000
90622,5895238,10123,6000000
90632,407999255,49942,78000000
90640,83640426,16184,150000000
90666,42043633,29551,30000000
90674,65500000,22479,12000000
90685,75764085,16646,60000000
90690,56724080,8398,50000000
90704,30222640,4868,25000000
90732,14291570,1414,20000000
90776,4105123,1445,1100000
90792,60443237,1852,25000000
90800,16005978,2356,26000000
90817,453079,2029,7000000
90838,98780042,13391,120000000
90846,623279547,87697,220000000
90848,1953732,1351,15000000
90864,17120019,27759,30000000
90870,63270259,3492,10000000
90878,79711678,80849,100000000
90879,454255,32,400000000
90926,59617068,1375,65000000
90938,65173160,26679,209000000
90944,100289690,108016,175000000
90972,179020854,12572,225000000
91012,18112929,2665,1000000
91068,216366733,2444,145000000
91080,19472057,1862,3000000
91137,60072596,6657,20000000
91144,126464904,24098,130000000
91148,148170000,2053,11000000
91174,36931089,16484,70000000
91184,19447478,1908,35000000
91210,131564731,2857,150000000
91229,194568,2179,1500000
91242,237282182,5005,185000000
91256,37516013,8281,69000000
91264,107515297,14552,100000000
91282,162831698,2899,80000000
91292,210592590,32360,65000000
91304,18882880,4039,20000000
91318,36279230,1352,60000000
91341,11169531,1778,20000000
91344,45507053,27911,16000000
91362,65948711,20056,80000000
91370,6619173,7747,10000000
91396,218628680,21773,50000000
91404,113709992,46646,7000000
91490,533316061,57802,185000000
91502,47307550,1948,45000000
91516,161317423,25354,95000000
91527,14998070,32875,35000000
91528,8093318,707,20000000
91530,34300771,11248,25000000
91549,36581633,3994,21000000
91558,1046166,1835,9000000
91572,1987762,11853,11000000
91590,448130642,106759,250000000
91592,8742261,1385,18000000
91622,34350553,2488,68000000
91624,119412921,1441,65000000
91626,54800000,5122,6000000
91634,113165635,12175,125000000
91635,6734844,711,17000000
91636,3058380,2389,100000000
91643,3247816,19310,22000000
91652,86897182,9271,95000000
91658,63536011,19420,30000000
91664,51853450,9069,25000000
91674,24397469,5804,17000000
91690,85017401,57881,92000000
91692,35054909,34337,15000000
91698,20275446,24669,35000000
91708,4930798,730,17000000
91712,318622,1734,270000
91714,79568000,4537,12000000
91720,3325638,1980,2500000
91734,2840417,2990,31000000
91738,41382841,14672,18000000
91748,66468315,37387,30000000
91751,11508423,2453,23000000
91770,21383298,34413,15000000
91772,47592825,16930,85000000
91878,34074895,5420,9000000
91934,2315683,805,17000000
91946,106869,14492,17000000
91951,2508841,994,1000000
91956,30199105,3753,40000000
91966,305070,1592,20000000
91988,15712072,2915,20000000
92078,18090181,1775,8000000
92164,30093107,39175,6000000
92206,48745150,101383,50000000
92308,114968774,28018,18000000
92318,53021560,1026,30000000
92339,55673333,4286,80000000
92406,24848292,4089,20000000
92440,34872293,42002,8500000
92464,7871693,15494,55000000
92493,109306210,717,15800000
92518,45489752,28493,26000000
92530,428535,2289,1000000
92548,4000000,872,350000
92554,150315155,10886,50000000
92614,35007180,26652,15000000
92626,51758599,5942,33000000
92636,79566871,4516,30000000
92644,153665036,4121,28000000
92730,169692572,26839,80000000
92731,21468807,2682,14000000
92836,7221458,27614,55000000
92848,285761243,7521,18000000
92892,26345,4810,3000000
92972,1500000,14255,44000000
93052,11538204,21163,25000000
93058,33574332,24468,90000000
93074,236266,13000,3500000
93078,336530303,46055,258000000
93105,220914,25173,16800000
93113,39659,21,1600000
93172,18004225,3004,13000000
93182,60652036,3743,48000000
93198,18761993,2944,9000000
93210,16640210,13040,55000000
93222,17411331,4660,15000000
93260,8396942,4324,19000000
93299,43575716,3326,85000000
93322,100012500,14274,90000000
93362,12006514,15765,250000
93388,30028592,27755,20000000
93410,171031347,25964,38000000
93460,34636443,103354,52000000
93470,1984743,11019,16000000
93482,37339525,3768,48000000
93564,11905519,2205,200000000
93595,4922166,1445,12000000
93632,305388685,48184,140000000
93650,36830057,2151,65000000
93694,12065985,2367,60000000
93712,87704396,1302,66000000
93756,56607223,1823,48000000
93813,29106737,1450,15000000
93815,32983713,3712,20000000
93976,234903076,73441,215000000
94028,8000000,927,18000000
94044,17986000,4438,1000000
94130,122012643,2575,30000000
94138,135381507,2252,150000000
94238,17281832,5329,60000000
94244,10139254,24640,35000000
94340,50752337,3362,10000000
94360,22201636,727,8000000
94384,52961,326,8000000
94410,7159147,954,3400000
94414,32522352,36897,60000000
94417,1039869,18739,15000000
94442,20302961,18913,45000000
94461,349618,2942,9000000
94494,20803237,18645,3500000
94534,5694308,3128,7000000
94554,214202,1952,12000000
94580,19377727,24351,45000000
94627,40911830,15046,115000000
94672,27000000,13877,28000000
94680,8070311,13626,10000000
94799,37035515,23864,43000000
94812,21078145,20456,12500000
94815,138396624,12954,130000000
94816,14294842,1846,70000000
94828,475000,2753,2800000
94831,34604054,6867,30000000
94838,51768623,1801,43000000
94841,5204007,1044,28000000
94877,55845943,46186,29000000
94916,50815288,14747,50000000
94921,9172810,12178,16000000
94930,30695227,34774,60000000
94932,139259759,1062,150000000
95000,292298923,59177,120000000
95080,206435493,4764,150000000
95136,1752214,4377,14000000
95148,44455658,2457,25000000
95169,23472900,4142,17500000
95182,11227940,1274,34000000
95254,13208023,4262,42000000
95289,15408822,2698,20000000
95328,26404753,3301,40000000
95418,42345531,17913,65000000
95420,7918283,2440,12000000
95428,31607598,35717,6900000
95430,40983001,27788,7000000
95438,148313048,37142,85000000
95440,64998368,12676,17000000
95441,542860,219,4000000
95442,16377274,427,32000000
95444,35287788,4774,39000000
95446,14989761,4757,15000000
95448,136019448,3133,44500000
95450,139852971,16410,45000000
95454,17738570,13631,13000000
95460,48056940,2239,3000000
95461,32014289,34319,20000000
95464,27098580,22686,102000000
95468,25863915,2471,35000000
95482,6002756,21200,20000000
95484,17529157,2173,20000000
95488,93749203,20952,31000000
95490,132088910,72115,21000000
95494,189412677,4451,165000000
95500,182204440,25517,65000000
95506,103400692,20645,145000000
95520,78651430,15912,27000000
95522,124976634,2121,120000000
95534,30063805,2109,60000000
95576,34334256,1945,11000000
95644,52200504,2426,10000000
95687,13854000,14677,20000000
95690,12793213,10430,6000000
95722,34238611,2248,55000000
95724,68856263,2496,15000000
95738,301956980,58753,250000000
95782,9600000,11094,910000
95788,46338728,33791,14500000
95863,7282851,1395,3000000
95873,5532301,4,28000000
95945,57176582,3939,9500000
95994,535249,768,3400000
96041,11798,387,100000
96044,48043505,2357,30000000
96066,127214072,4251,38000000
96076,3060858,1891,10000000
96134,22326247,3821,60000000
96202,50728000,1725,22000000
96211,18324242,20563,35000000
96229,45162741,34565,28000000
96238,197992827,70996,100000000
96274,134141530,2394,25000000
96292,38119483,2936,22700000
96354,3273588,382,6000000
96373,40557,2046,60000
96382,7518876,844,6000000
96401,241816,642,42000
96434,12561,4094,19000000
96442,18306166,3142,35000000
96446,68208190,2986,65000000
96466,217536138,16008,125000000
96476,11784000,1151,20000000
96500,59847242,5433,16500000
96510,447750,2126,10000000
96524,7417210,3310,1500000
96542,52066000,3869,20000000
96546,42776259,1173,112000000
96556,414984497,19085,200000000
96566,4946250,198,1000000
96586,115802596,14017,110000000
96752,47124400,17278,25000000
96786,22913677,17292,35000000
96796,30157016,12993,70000000
96806,117144465,43499,85000000
96812,24530513,1633,9000000
96888,47887943,4480,20000000
96946,33244684,760,9000000
96952,111722000,1966,11000000
97013,10017041,4815,3000000
97116,160762022,63165,75000000
97162,55637680,11424,65000000
97165,95860116,51609,16400000
97320,32000000,1885,806947
97334,85911262,4796,65000000
97352,77679638,47657,100000000
97379,21370057,1852,12000000
97394,110416702,23484,92000000
97406,55585389,15269,69000000
97482,7556708,14544,15000000
97492,15081783,13,34000000
97498,26536120,3357,50000000
97514,103812241,27842,79000000
97535,57010853,2380,85000000
97618,7156933,1134,25000000
97696,634277,1651,16000000
97708,41067398,2530,25000000
97722,37470017,1982,10000000
97738,19294901,2535,35000000
97796,2353728,1776,20000000
97808,83503161,16691,75000000
97842,14018364,3974,30000000
97882,49875589,4416,58000000
97946,162001186,28497,80000000
98048,144512310,45327,38000000
98130,90636983,15170,22000000
98213,6706368,1048,160000
98228,20772796,497,6000000
98243,37440,1986,5000000
98256,51045801,3653,60000000
98278,119420252,2217,150000000
98280,31141074,19769,140000000
98288,217326336,2847,60000000
98326,121468960,13249,60000000
98350,27362712,3199,8000000
98353,17544812,4707,10000000
98364,34098563,13406,55000000
98394,65000000,2668,62000000
98399,28563179,3681,21000000
98450,26000610,28050,76000000
98454,214966,1813,13000000
98460,65807024,11013,19000000
98503,792966,99,2300000
98519,8508843,2368,18000000
98542,30659817,1006,26000000
98544,158115031,13693,82000000
98548,7098492,2501,500000
98642,18352454,18752,15000000
98713,15278,1185,825000
98719,177840,1987,250000
98744,2062066,2684,7000000
98910,24332324,3126,40000000
98928,52000688,4243,40000000
98948,63600000,1164,9000000
98987,21413502,2795,40000000
98994,118666,1064,2500000
99000,41523271,13934,80000000
99018,41229,18442,25500000
99077,70117571,6207,58000000
99079,135014968,74382,50000000
99096,871527,16090,25000000
99154,19445217,3580,60000000
99162,27400000,2449,40000000
99170,24881000,1812,15000000
99176,35286428,16479,76000000
99198,2600000,23962,6000000
99200,6409206,33153,15000000
99262,402076689,3218,200000000
99292,39200000,12691,4000000
99295,24127895,12076,50000000
99306,63939454,2968,35000000
99324,260031035,4146,123000000
99402,56631572,1724,12000000
99458,548712,12385,2500000
99466,26871,12499,92000000
99522,63319509,28734,10000000
99539,82569532,20348,60000000
99543,20262,629,4000000
99552,132373442,45648,90000000
99555,24792061,25092,6500000
99558,14469428,2466,26000000
99587,14587732,1290,35000000
99644,80276912,1026,35000000
99668,39825798,4210,16000000
99674,66676062,16949,54000000
99802,184208848,2398,22000000
99815,5792822,65,2700000
99854,336029560,13616,74000000
99855,9170214,69746,11000000
99872,45434443,15735,75000000
99930,5660084,286,54000000
99974,12134420,20258,20000000
99975,26589953,26233,10500000
